{"mae":{"0":7393755.4306187807},"mse":{"0":62827998961454.1796875},"rmse":{"0":7926411.4807051355},"r2":{"0":0.3427341193}}