{"mae":{"0":5983722.5},"mse":{"0":46902036922368.0},"rmse":{"0":6848506.1818157109},"r2":{"0":0.5093412399}}